id,datasetKey,institution
910370370,d5fafa95-7de2-48c0-bf10-3480bcca4a2b,NCSM
895452343,d5fafa95-7de2-48c0-bf10-3480bcca4a2b,NCSM
895445323,d5fafa95-7de2-48c0-bf10-3480bcca4a2b,NCSM
895444607,d5fafa95-7de2-48c0-bf10-3480bcca4a2b,NCSM
895444186,d5fafa95-7de2-48c0-bf10-3480bcca4a2b,NCSM
895443977,d5fafa95-7de2-48c0-bf10-3480bcca4a2b,NCSM
895443758,d5fafa95-7de2-48c0-bf10-3480bcca4a2b,NCSM
895443745,d5fafa95-7de2-48c0-bf10-3480bcca4a2b,NCSM
895443739,d5fafa95-7de2-48c0-bf10-3480bcca4a2b,NCSM
895443735,d5fafa95-7de2-48c0-bf10-3480bcca4a2b,NCSM
895443704,d5fafa95-7de2-48c0-bf10-3480bcca4a2b,NCSM
895443659,d5fafa95-7de2-48c0-bf10-3480bcca4a2b,NCSM
895443609,d5fafa95-7de2-48c0-bf10-3480bcca4a2b,NCSM
895442874,d5fafa95-7de2-48c0-bf10-3480bcca4a2b,NCSM
895442162,d5fafa95-7de2-48c0-bf10-3480bcca4a2b,NCSM
895441913,d5fafa95-7de2-48c0-bf10-3480bcca4a2b,NCSM
895440265,d5fafa95-7de2-48c0-bf10-3480bcca4a2b,NCSM
895439709,d5fafa95-7de2-48c0-bf10-3480bcca4a2b,NCSM
895439097,d5fafa95-7de2-48c0-bf10-3480bcca4a2b,NCSM
895438287,d5fafa95-7de2-48c0-bf10-3480bcca4a2b,NCSM
895438101,d5fafa95-7de2-48c0-bf10-3480bcca4a2b,NCSM
895437974,d5fafa95-7de2-48c0-bf10-3480bcca4a2b,NCSM
895437648,d5fafa95-7de2-48c0-bf10-3480bcca4a2b,NCSM
895437533,d5fafa95-7de2-48c0-bf10-3480bcca4a2b,NCSM
895437322,d5fafa95-7de2-48c0-bf10-3480bcca4a2b,NCSM
895436939,d5fafa95-7de2-48c0-bf10-3480bcca4a2b,NCSM
895436238,d5fafa95-7de2-48c0-bf10-3480bcca4a2b,NCSM
895427952,d5fafa95-7de2-48c0-bf10-3480bcca4a2b,NCSM
786571667,76dd8f0d-2daa-4a69-9fcd-55e04230334a,CM
786555339,76dd8f0d-2daa-4a69-9fcd-55e04230334a,CM
786552193,76dd8f0d-2daa-4a69-9fcd-55e04230334a,CM
786552018,76dd8f0d-2daa-4a69-9fcd-55e04230334a,CM
786550543,76dd8f0d-2daa-4a69-9fcd-55e04230334a,CM
786546488,76dd8f0d-2daa-4a69-9fcd-55e04230334a,CM
786546436,76dd8f0d-2daa-4a69-9fcd-55e04230334a,CM
786541086,76dd8f0d-2daa-4a69-9fcd-55e04230334a,CM
786540077,76dd8f0d-2daa-4a69-9fcd-55e04230334a,CM
786539726,76dd8f0d-2daa-4a69-9fcd-55e04230334a,CM
786539638,76dd8f0d-2daa-4a69-9fcd-55e04230334a,CM
786539635,76dd8f0d-2daa-4a69-9fcd-55e04230334a,CM
786539007,76dd8f0d-2daa-4a69-9fcd-55e04230334a,CM
786538908,76dd8f0d-2daa-4a69-9fcd-55e04230334a,CM
786537179,76dd8f0d-2daa-4a69-9fcd-55e04230334a,CM
786536932,76dd8f0d-2daa-4a69-9fcd-55e04230334a,CM
786536908,76dd8f0d-2daa-4a69-9fcd-55e04230334a,CM
786536717,76dd8f0d-2daa-4a69-9fcd-55e04230334a,CM
786536589,76dd8f0d-2daa-4a69-9fcd-55e04230334a,CM
786536481,76dd8f0d-2daa-4a69-9fcd-55e04230334a,CM
786536153,76dd8f0d-2daa-4a69-9fcd-55e04230334a,CM
786536147,76dd8f0d-2daa-4a69-9fcd-55e04230334a,CM
786535989,76dd8f0d-2daa-4a69-9fcd-55e04230334a,CM
786535852,76dd8f0d-2daa-4a69-9fcd-55e04230334a,CM
786534585,76dd8f0d-2daa-4a69-9fcd-55e04230334a,CM
786533396,76dd8f0d-2daa-4a69-9fcd-55e04230334a,CM
786533280,76dd8f0d-2daa-4a69-9fcd-55e04230334a,CM
786533150,76dd8f0d-2daa-4a69-9fcd-55e04230334a,CM
786533038,76dd8f0d-2daa-4a69-9fcd-55e04230334a,CM
786531918,76dd8f0d-2daa-4a69-9fcd-55e04230334a,CM
786531912,76dd8f0d-2daa-4a69-9fcd-55e04230334a,CM
786529382,76dd8f0d-2daa-4a69-9fcd-55e04230334a,CM
786529115,76dd8f0d-2daa-4a69-9fcd-55e04230334a,CM
786524422,76dd8f0d-2daa-4a69-9fcd-55e04230334a,CM
786524378,76dd8f0d-2daa-4a69-9fcd-55e04230334a,CM
786524139,76dd8f0d-2daa-4a69-9fcd-55e04230334a,CM
786523207,76dd8f0d-2daa-4a69-9fcd-55e04230334a,CM
786523195,76dd8f0d-2daa-4a69-9fcd-55e04230334a,CM
786522504,76dd8f0d-2daa-4a69-9fcd-55e04230334a,CM
786522496,76dd8f0d-2daa-4a69-9fcd-55e04230334a,CM
786522491,76dd8f0d-2daa-4a69-9fcd-55e04230334a,CM
786522177,76dd8f0d-2daa-4a69-9fcd-55e04230334a,CM
786517638,76dd8f0d-2daa-4a69-9fcd-55e04230334a,CM
786514666,76dd8f0d-2daa-4a69-9fcd-55e04230334a,CM
786513057,76dd8f0d-2daa-4a69-9fcd-55e04230334a,CM
786500776,76dd8f0d-2daa-4a69-9fcd-55e04230334a,CM
786497436,76dd8f0d-2daa-4a69-9fcd-55e04230334a,CM
786496892,76dd8f0d-2daa-4a69-9fcd-55e04230334a,CM
786496854,76dd8f0d-2daa-4a69-9fcd-55e04230334a,CM
786493816,76dd8f0d-2daa-4a69-9fcd-55e04230334a,CM
786493365,76dd8f0d-2daa-4a69-9fcd-55e04230334a,CM
786492095,76dd8f0d-2daa-4a69-9fcd-55e04230334a,CM
786492093,76dd8f0d-2daa-4a69-9fcd-55e04230334a,CM
786483748,76dd8f0d-2daa-4a69-9fcd-55e04230334a,CM
786483256,76dd8f0d-2daa-4a69-9fcd-55e04230334a,CM
786482942,76dd8f0d-2daa-4a69-9fcd-55e04230334a,CM
786481494,76dd8f0d-2daa-4a69-9fcd-55e04230334a,CM
786471217,76dd8f0d-2daa-4a69-9fcd-55e04230334a,CM
786471211,76dd8f0d-2daa-4a69-9fcd-55e04230334a,CM
786471207,76dd8f0d-2daa-4a69-9fcd-55e04230334a,CM
786454061,76dd8f0d-2daa-4a69-9fcd-55e04230334a,CM
786451070,76dd8f0d-2daa-4a69-9fcd-55e04230334a,CM
786448177,76dd8f0d-2daa-4a69-9fcd-55e04230334a,CM
786448167,76dd8f0d-2daa-4a69-9fcd-55e04230334a,CM
786447987,76dd8f0d-2daa-4a69-9fcd-55e04230334a,CM
786446833,76dd8f0d-2daa-4a69-9fcd-55e04230334a,CM
786443988,76dd8f0d-2daa-4a69-9fcd-55e04230334a,CM
786443450,76dd8f0d-2daa-4a69-9fcd-55e04230334a,CM
786443321,76dd8f0d-2daa-4a69-9fcd-55e04230334a,CM
786440089,76dd8f0d-2daa-4a69-9fcd-55e04230334a,CM
786439951,76dd8f0d-2daa-4a69-9fcd-55e04230334a,CM
786439042,76dd8f0d-2daa-4a69-9fcd-55e04230334a,CM
786439039,76dd8f0d-2daa-4a69-9fcd-55e04230334a,CM
786432557,76dd8f0d-2daa-4a69-9fcd-55e04230334a,CM
786419534,76dd8f0d-2daa-4a69-9fcd-55e04230334a,CM
786358969,76dd8f0d-2daa-4a69-9fcd-55e04230334a,CM
786338755,76dd8f0d-2daa-4a69-9fcd-55e04230334a,CM
657480088,7a25f7aa-03fb-4322-aaeb-66719e1a9527,LACM
657479573,7a25f7aa-03fb-4322-aaeb-66719e1a9527,LACM
4948395580,821cc27a-e3bb-4bc5-ac34-89ada245069d,USNM
4948393344,821cc27a-e3bb-4bc5-ac34-89ada245069d,USNM
4948392573,821cc27a-e3bb-4bc5-ac34-89ada245069d,USNM
4948180166,26098c25-8f7f-4c71-97ac-1d3db181c65e,USNM
4948174966,26098c25-8f7f-4c71-97ac-1d3db181c65e,USNM
4948159577,26098c25-8f7f-4c71-97ac-1d3db181c65e,USNM
4904884399,e9e6abed-f507-497c-aa34-29b05227f4e8,NBM
4898362308,861d3d64-f762-11e1-a439-00145eb45e9a,YPM
4849525313,e9e6abed-f507-497c-aa34-29b05227f4e8,NBM
476794707,4bfac3ea-8763-4f4b-a71a-76a6f5f243d3,MCZ
476792029,4bfac3ea-8763-4f4b-a71a-76a6f5f243d3,MCZ
476783493,4bfac3ea-8763-4f4b-a71a-76a6f5f243d3,MCZ
476597011,4bfac3ea-8763-4f4b-a71a-76a6f5f243d3,MCZ
476592109,4bfac3ea-8763-4f4b-a71a-76a6f5f243d3,MCZ
476584210,4bfac3ea-8763-4f4b-a71a-76a6f5f243d3,MCZ
476584207,4bfac3ea-8763-4f4b-a71a-76a6f5f243d3,MCZ
476580685,4bfac3ea-8763-4f4b-a71a-76a6f5f243d3,MCZ
476570281,4bfac3ea-8763-4f4b-a71a-76a6f5f243d3,MCZ
476570280,4bfac3ea-8763-4f4b-a71a-76a6f5f243d3,MCZ
476570277,4bfac3ea-8763-4f4b-a71a-76a6f5f243d3,MCZ
476570276,4bfac3ea-8763-4f4b-a71a-76a6f5f243d3,MCZ
476570273,4bfac3ea-8763-4f4b-a71a-76a6f5f243d3,MCZ
476570174,4bfac3ea-8763-4f4b-a71a-76a6f5f243d3,MCZ
476570064,4bfac3ea-8763-4f4b-a71a-76a6f5f243d3,MCZ
476569855,4bfac3ea-8763-4f4b-a71a-76a6f5f243d3,MCZ
476569758,4bfac3ea-8763-4f4b-a71a-76a6f5f243d3,MCZ
476569707,4bfac3ea-8763-4f4b-a71a-76a6f5f243d3,MCZ
476569652,4bfac3ea-8763-4f4b-a71a-76a6f5f243d3,MCZ
476569648,4bfac3ea-8763-4f4b-a71a-76a6f5f243d3,MCZ
476569540,4bfac3ea-8763-4f4b-a71a-76a6f5f243d3,MCZ
476569427,4bfac3ea-8763-4f4b-a71a-76a6f5f243d3,MCZ
476569424,4bfac3ea-8763-4f4b-a71a-76a6f5f243d3,MCZ
476568929,4bfac3ea-8763-4f4b-a71a-76a6f5f243d3,MCZ
476568927,4bfac3ea-8763-4f4b-a71a-76a6f5f243d3,MCZ
476568832,4bfac3ea-8763-4f4b-a71a-76a6f5f243d3,MCZ
476568681,4bfac3ea-8763-4f4b-a71a-76a6f5f243d3,MCZ
476568437,4bfac3ea-8763-4f4b-a71a-76a6f5f243d3,MCZ
476568337,4bfac3ea-8763-4f4b-a71a-76a6f5f243d3,MCZ
476568335,4bfac3ea-8763-4f4b-a71a-76a6f5f243d3,MCZ
476568329,4bfac3ea-8763-4f4b-a71a-76a6f5f243d3,MCZ
476568328,4bfac3ea-8763-4f4b-a71a-76a6f5f243d3,MCZ
476568119,4bfac3ea-8763-4f4b-a71a-76a6f5f243d3,MCZ
476567477,4bfac3ea-8763-4f4b-a71a-76a6f5f243d3,MCZ
476567370,4bfac3ea-8763-4f4b-a71a-76a6f5f243d3,MCZ
476567262,4bfac3ea-8763-4f4b-a71a-76a6f5f243d3,MCZ
476567161,4bfac3ea-8763-4f4b-a71a-76a6f5f243d3,MCZ
476567157,4bfac3ea-8763-4f4b-a71a-76a6f5f243d3,MCZ
476567050,4bfac3ea-8763-4f4b-a71a-76a6f5f243d3,MCZ
476566004,4bfac3ea-8763-4f4b-a71a-76a6f5f243d3,MCZ
476565892,4bfac3ea-8763-4f4b-a71a-76a6f5f243d3,MCZ
476565791,4bfac3ea-8763-4f4b-a71a-76a6f5f243d3,MCZ
476565596,4bfac3ea-8763-4f4b-a71a-76a6f5f243d3,MCZ
476565594,4bfac3ea-8763-4f4b-a71a-76a6f5f243d3,MCZ
476565593,4bfac3ea-8763-4f4b-a71a-76a6f5f243d3,MCZ
476565502,4bfac3ea-8763-4f4b-a71a-76a6f5f243d3,MCZ
476561221,4bfac3ea-8763-4f4b-a71a-76a6f5f243d3,MCZ
476561108,4bfac3ea-8763-4f4b-a71a-76a6f5f243d3,MCZ
476561000,4bfac3ea-8763-4f4b-a71a-76a6f5f243d3,MCZ
476560790,4bfac3ea-8763-4f4b-a71a-76a6f5f243d3,MCZ
476560788,4bfac3ea-8763-4f4b-a71a-76a6f5f243d3,MCZ
476560688,4bfac3ea-8763-4f4b-a71a-76a6f5f243d3,MCZ
476560687,4bfac3ea-8763-4f4b-a71a-76a6f5f243d3,MCZ
476559775,4bfac3ea-8763-4f4b-a71a-76a6f5f243d3,MCZ
476559774,4bfac3ea-8763-4f4b-a71a-76a6f5f243d3,MCZ
476559773,4bfac3ea-8763-4f4b-a71a-76a6f5f243d3,MCZ
476557101,4bfac3ea-8763-4f4b-a71a-76a6f5f243d3,MCZ
476557010,4bfac3ea-8763-4f4b-a71a-76a6f5f243d3,MCZ
476556906,4bfac3ea-8763-4f4b-a71a-76a6f5f243d3,MCZ
476556471,4bfac3ea-8763-4f4b-a71a-76a6f5f243d3,MCZ
476556301,4bfac3ea-8763-4f4b-a71a-76a6f5f243d3,MCZ
476556266,4bfac3ea-8763-4f4b-a71a-76a6f5f243d3,MCZ
476556265,4bfac3ea-8763-4f4b-a71a-76a6f5f243d3,MCZ
476556264,4bfac3ea-8763-4f4b-a71a-76a6f5f243d3,MCZ
476556263,4bfac3ea-8763-4f4b-a71a-76a6f5f243d3,MCZ
476555980,4bfac3ea-8763-4f4b-a71a-76a6f5f243d3,MCZ
476555667,4bfac3ea-8763-4f4b-a71a-76a6f5f243d3,MCZ
476512893,4bfac3ea-8763-4f4b-a71a-76a6f5f243d3,MCZ
476512345,4bfac3ea-8763-4f4b-a71a-76a6f5f243d3,MCZ
476478801,4bfac3ea-8763-4f4b-a71a-76a6f5f243d3,MCZ
476478699,4bfac3ea-8763-4f4b-a71a-76a6f5f243d3,MCZ
476478680,4bfac3ea-8763-4f4b-a71a-76a6f5f243d3,MCZ
476477584,4bfac3ea-8763-4f4b-a71a-76a6f5f243d3,MCZ
476473242,4bfac3ea-8763-4f4b-a71a-76a6f5f243d3,MCZ
4539222302,832b8188-f762-11e1-a439-00145eb45e9a,UF
4536137327,4bfac3ea-8763-4f4b-a71a-76a6f5f243d3,MCZ
45130572,84b4d6e4-f762-11e1-a439-00145eb45e9a,SDNHM
45130352,84b4d6e4-f762-11e1-a439-00145eb45e9a,SDNHM
45127220,84b4d6e4-f762-11e1-a439-00145eb45e9a,SDNHM
4440115451,861d3d64-f762-11e1-a439-00145eb45e9a,YPM
4440115238,861d3d64-f762-11e1-a439-00145eb45e9a,YPM
4440114721,861d3d64-f762-11e1-a439-00145eb45e9a,YPM
4440114654,861d3d64-f762-11e1-a439-00145eb45e9a,YPM
4440114408,861d3d64-f762-11e1-a439-00145eb45e9a,YPM
4440114190,861d3d64-f762-11e1-a439-00145eb45e9a,YPM
4440114069,861d3d64-f762-11e1-a439-00145eb45e9a,YPM
4440113758,861d3d64-f762-11e1-a439-00145eb45e9a,YPM
4440113246,861d3d64-f762-11e1-a439-00145eb45e9a,YPM
4440113087,861d3d64-f762-11e1-a439-00145eb45e9a,YPM
4440112477,861d3d64-f762-11e1-a439-00145eb45e9a,YPM
4440112205,861d3d64-f762-11e1-a439-00145eb45e9a,YPM
4440111989,861d3d64-f762-11e1-a439-00145eb45e9a,YPM
4440111188,861d3d64-f762-11e1-a439-00145eb45e9a,YPM
4440110753,861d3d64-f762-11e1-a439-00145eb45e9a,YPM
4440110661,861d3d64-f762-11e1-a439-00145eb45e9a,YPM
4440110446,861d3d64-f762-11e1-a439-00145eb45e9a,YPM
4440110401,861d3d64-f762-11e1-a439-00145eb45e9a,YPM
4440110398,861d3d64-f762-11e1-a439-00145eb45e9a,YPM
4440109448,861d3d64-f762-11e1-a439-00145eb45e9a,YPM
4440109331,861d3d64-f762-11e1-a439-00145eb45e9a,YPM
4440109131,861d3d64-f762-11e1-a439-00145eb45e9a,YPM
4440108596,861d3d64-f762-11e1-a439-00145eb45e9a,YPM
4432355315,861d3d64-f762-11e1-a439-00145eb45e9a,YPM
4169967706,fb639e31-52eb-4998-afb1-984ee12aca0f,MSB
4169967686,fb639e31-52eb-4998-afb1-984ee12aca0f,MSB
4169967679,fb639e31-52eb-4998-afb1-984ee12aca0f,MSB
4169967518,fb639e31-52eb-4998-afb1-984ee12aca0f,MSB
4169967465,fb639e31-52eb-4998-afb1-984ee12aca0f,MSB
4169967448,fb639e31-52eb-4998-afb1-984ee12aca0f,MSB
4169967420,fb639e31-52eb-4998-afb1-984ee12aca0f,MSB
4169967374,fb639e31-52eb-4998-afb1-984ee12aca0f,MSB
4169967333,fb639e31-52eb-4998-afb1-984ee12aca0f,MSB
4127805326,d5fafa95-7de2-48c0-bf10-3480bcca4a2b,NCSM
4117139684,fb639e31-52eb-4998-afb1-984ee12aca0f,MSB
4117139681,fb639e31-52eb-4998-afb1-984ee12aca0f,MSB
4117139677,fb639e31-52eb-4998-afb1-984ee12aca0f,MSB
4117139656,fb639e31-52eb-4998-afb1-984ee12aca0f,MSB
4117139655,fb639e31-52eb-4998-afb1-984ee12aca0f,MSB
4117139653,fb639e31-52eb-4998-afb1-984ee12aca0f,MSB
4117139647,fb639e31-52eb-4998-afb1-984ee12aca0f,MSB
4117139638,fb639e31-52eb-4998-afb1-984ee12aca0f,MSB
4117139630,fb639e31-52eb-4998-afb1-984ee12aca0f,MSB
4117139609,fb639e31-52eb-4998-afb1-984ee12aca0f,MSB
4117139575,fb639e31-52eb-4998-afb1-984ee12aca0f,MSB
4117139562,fb639e31-52eb-4998-afb1-984ee12aca0f,MSB
4117139560,fb639e31-52eb-4998-afb1-984ee12aca0f,MSB
4117139557,fb639e31-52eb-4998-afb1-984ee12aca0f,MSB
4117139537,fb639e31-52eb-4998-afb1-984ee12aca0f,MSB
4117139495,fb639e31-52eb-4998-afb1-984ee12aca0f,MSB
4117139463,fb639e31-52eb-4998-afb1-984ee12aca0f,MSB
4117139462,fb639e31-52eb-4998-afb1-984ee12aca0f,MSB
4117139461,fb639e31-52eb-4998-afb1-984ee12aca0f,MSB
4117139459,fb639e31-52eb-4998-afb1-984ee12aca0f,MSB
4117139426,fb639e31-52eb-4998-afb1-984ee12aca0f,MSB
4117139416,fb639e31-52eb-4998-afb1-984ee12aca0f,MSB
4117139411,fb639e31-52eb-4998-afb1-984ee12aca0f,MSB
4117139407,fb639e31-52eb-4998-afb1-984ee12aca0f,MSB
4117139404,fb639e31-52eb-4998-afb1-984ee12aca0f,MSB
4117139391,fb639e31-52eb-4998-afb1-984ee12aca0f,MSB
4117139314,fb639e31-52eb-4998-afb1-984ee12aca0f,MSB
4093509349,410461b6-368c-4970-8cb5-c043c28c08dd,APSU
4093508968,410461b6-368c-4970-8cb5-c043c28c08dd,APSU
4093508873,410461b6-368c-4970-8cb5-c043c28c08dd,APSU
4093508500,410461b6-368c-4970-8cb5-c043c28c08dd,APSU
4093508323,410461b6-368c-4970-8cb5-c043c28c08dd,APSU
4093508299,410461b6-368c-4970-8cb5-c043c28c08dd,APSU
4093508046,410461b6-368c-4970-8cb5-c043c28c08dd,APSU
4093508007,410461b6-368c-4970-8cb5-c043c28c08dd,APSU
4093507945,410461b6-368c-4970-8cb5-c043c28c08dd,APSU
4093507103,410461b6-368c-4970-8cb5-c043c28c08dd,APSU
4093507027,410461b6-368c-4970-8cb5-c043c28c08dd,APSU
4093506861,410461b6-368c-4970-8cb5-c043c28c08dd,APSU
4093506656,410461b6-368c-4970-8cb5-c043c28c08dd,APSU
4093506638,410461b6-368c-4970-8cb5-c043c28c08dd,APSU
4093506277,410461b6-368c-4970-8cb5-c043c28c08dd,APSU
4093506266,410461b6-368c-4970-8cb5-c043c28c08dd,APSU
4093506204,410461b6-368c-4970-8cb5-c043c28c08dd,APSU
4093505999,410461b6-368c-4970-8cb5-c043c28c08dd,APSU
4093505867,410461b6-368c-4970-8cb5-c043c28c08dd,APSU
4093505821,410461b6-368c-4970-8cb5-c043c28c08dd,APSU
4093505669,410461b6-368c-4970-8cb5-c043c28c08dd,APSU
4093505580,410461b6-368c-4970-8cb5-c043c28c08dd,APSU
4093505347,410461b6-368c-4970-8cb5-c043c28c08dd,APSU
4093504910,410461b6-368c-4970-8cb5-c043c28c08dd,APSU
4093504882,410461b6-368c-4970-8cb5-c043c28c08dd,APSU
4093504803,410461b6-368c-4970-8cb5-c043c28c08dd,APSU
4093504631,410461b6-368c-4970-8cb5-c043c28c08dd,APSU
4093504313,410461b6-368c-4970-8cb5-c043c28c08dd,APSU
4093504262,410461b6-368c-4970-8cb5-c043c28c08dd,APSU
4093504225,410461b6-368c-4970-8cb5-c043c28c08dd,APSU
4093504055,410461b6-368c-4970-8cb5-c043c28c08dd,APSU
4093503998,410461b6-368c-4970-8cb5-c043c28c08dd,APSU
4093503660,410461b6-368c-4970-8cb5-c043c28c08dd,APSU
4093503554,410461b6-368c-4970-8cb5-c043c28c08dd,APSU
4093503528,410461b6-368c-4970-8cb5-c043c28c08dd,APSU
4093503403,410461b6-368c-4970-8cb5-c043c28c08dd,APSU
4093503002,410461b6-368c-4970-8cb5-c043c28c08dd,APSU
4093502936,410461b6-368c-4970-8cb5-c043c28c08dd,APSU
4093502897,410461b6-368c-4970-8cb5-c043c28c08dd,APSU
4093502842,410461b6-368c-4970-8cb5-c043c28c08dd,APSU
4093502692,410461b6-368c-4970-8cb5-c043c28c08dd,APSU
4093502689,410461b6-368c-4970-8cb5-c043c28c08dd,APSU
4093502593,410461b6-368c-4970-8cb5-c043c28c08dd,APSU
4093502575,410461b6-368c-4970-8cb5-c043c28c08dd,APSU
4093502532,410461b6-368c-4970-8cb5-c043c28c08dd,APSU
4093502389,410461b6-368c-4970-8cb5-c043c28c08dd,APSU
4093501998,410461b6-368c-4970-8cb5-c043c28c08dd,APSU
4093501664,410461b6-368c-4970-8cb5-c043c28c08dd,APSU
4093501426,410461b6-368c-4970-8cb5-c043c28c08dd,APSU
4093501307,410461b6-368c-4970-8cb5-c043c28c08dd,APSU
4093501210,410461b6-368c-4970-8cb5-c043c28c08dd,APSU
4093500662,410461b6-368c-4970-8cb5-c043c28c08dd,APSU
4093500445,410461b6-368c-4970-8cb5-c043c28c08dd,APSU
4093500423,410461b6-368c-4970-8cb5-c043c28c08dd,APSU
4093500334,410461b6-368c-4970-8cb5-c043c28c08dd,APSU
4093500214,410461b6-368c-4970-8cb5-c043c28c08dd,APSU
4093499983,410461b6-368c-4970-8cb5-c043c28c08dd,APSU
4093499934,410461b6-368c-4970-8cb5-c043c28c08dd,APSU
4093499709,410461b6-368c-4970-8cb5-c043c28c08dd,APSU
4093499698,410461b6-368c-4970-8cb5-c043c28c08dd,APSU
4093499486,410461b6-368c-4970-8cb5-c043c28c08dd,APSU
4093499410,410461b6-368c-4970-8cb5-c043c28c08dd,APSU
4093499406,410461b6-368c-4970-8cb5-c043c28c08dd,APSU
4093499398,410461b6-368c-4970-8cb5-c043c28c08dd,APSU
4093499326,410461b6-368c-4970-8cb5-c043c28c08dd,APSU
4093499288,410461b6-368c-4970-8cb5-c043c28c08dd,APSU
4093498864,410461b6-368c-4970-8cb5-c043c28c08dd,APSU
4093498377,410461b6-368c-4970-8cb5-c043c28c08dd,APSU
4093497094,410461b6-368c-4970-8cb5-c043c28c08dd,APSU
4093497090,410461b6-368c-4970-8cb5-c043c28c08dd,APSU
4093496740,410461b6-368c-4970-8cb5-c043c28c08dd,APSU
4093495915,410461b6-368c-4970-8cb5-c043c28c08dd,APSU
4093495848,410461b6-368c-4970-8cb5-c043c28c08dd,APSU
4093495598,410461b6-368c-4970-8cb5-c043c28c08dd,APSU
4093495570,410461b6-368c-4970-8cb5-c043c28c08dd,APSU
4093494281,410461b6-368c-4970-8cb5-c043c28c08dd,APSU
4093494062,410461b6-368c-4970-8cb5-c043c28c08dd,APSU
4093494050,410461b6-368c-4970-8cb5-c043c28c08dd,APSU
4093493980,410461b6-368c-4970-8cb5-c043c28c08dd,APSU
4093493646,410461b6-368c-4970-8cb5-c043c28c08dd,APSU
4093493544,410461b6-368c-4970-8cb5-c043c28c08dd,APSU
4093493322,410461b6-368c-4970-8cb5-c043c28c08dd,APSU
4093492291,410461b6-368c-4970-8cb5-c043c28c08dd,APSU
4093492135,410461b6-368c-4970-8cb5-c043c28c08dd,APSU
4093492026,410461b6-368c-4970-8cb5-c043c28c08dd,APSU
4093491992,410461b6-368c-4970-8cb5-c043c28c08dd,APSU
4093491854,410461b6-368c-4970-8cb5-c043c28c08dd,APSU
4093491582,410461b6-368c-4970-8cb5-c043c28c08dd,APSU
4093491530,410461b6-368c-4970-8cb5-c043c28c08dd,APSU
4093489995,410461b6-368c-4970-8cb5-c043c28c08dd,APSU
4093489767,410461b6-368c-4970-8cb5-c043c28c08dd,APSU
4093489448,410461b6-368c-4970-8cb5-c043c28c08dd,APSU
4093489364,410461b6-368c-4970-8cb5-c043c28c08dd,APSU
4093488263,410461b6-368c-4970-8cb5-c043c28c08dd,APSU
4093488048,410461b6-368c-4970-8cb5-c043c28c08dd,APSU
4093488041,410461b6-368c-4970-8cb5-c043c28c08dd,APSU
4093487709,410461b6-368c-4970-8cb5-c043c28c08dd,APSU
4093486030,410461b6-368c-4970-8cb5-c043c28c08dd,APSU
4093485961,410461b6-368c-4970-8cb5-c043c28c08dd,APSU
4093485941,410461b6-368c-4970-8cb5-c043c28c08dd,APSU
4093485894,410461b6-368c-4970-8cb5-c043c28c08dd,APSU
4093485881,410461b6-368c-4970-8cb5-c043c28c08dd,APSU
4093485805,410461b6-368c-4970-8cb5-c043c28c08dd,APSU
4093485715,410461b6-368c-4970-8cb5-c043c28c08dd,APSU
4093485556,410461b6-368c-4970-8cb5-c043c28c08dd,APSU
4093483862,410461b6-368c-4970-8cb5-c043c28c08dd,APSU
4093483824,410461b6-368c-4970-8cb5-c043c28c08dd,APSU
4093483407,410461b6-368c-4970-8cb5-c043c28c08dd,APSU
4093483325,410461b6-368c-4970-8cb5-c043c28c08dd,APSU
4076474400,d5fafa95-7de2-48c0-bf10-3480bcca4a2b,NCSM
4076474387,d5fafa95-7de2-48c0-bf10-3480bcca4a2b,NCSM
4076474232,d5fafa95-7de2-48c0-bf10-3480bcca4a2b,NCSM
4076474198,d5fafa95-7de2-48c0-bf10-3480bcca4a2b,NCSM
4076474096,d5fafa95-7de2-48c0-bf10-3480bcca4a2b,NCSM
4076473655,d5fafa95-7de2-48c0-bf10-3480bcca4a2b,NCSM
4076473617,d5fafa95-7de2-48c0-bf10-3480bcca4a2b,NCSM
4076473317,d5fafa95-7de2-48c0-bf10-3480bcca4a2b,NCSM
4076473276,d5fafa95-7de2-48c0-bf10-3480bcca4a2b,NCSM
4076473247,d5fafa95-7de2-48c0-bf10-3480bcca4a2b,NCSM
4076473100,d5fafa95-7de2-48c0-bf10-3480bcca4a2b,NCSM
4076472627,d5fafa95-7de2-48c0-bf10-3480bcca4a2b,NCSM
4076472508,d5fafa95-7de2-48c0-bf10-3480bcca4a2b,NCSM
4076472364,d5fafa95-7de2-48c0-bf10-3480bcca4a2b,NCSM
4067915368,c113d947-5dcf-4a52-aaa2-735dba1089b7,NEON
4066644875,fb639e31-52eb-4998-afb1-984ee12aca0f,MSB
4066644871,fb639e31-52eb-4998-afb1-984ee12aca0f,MSB
4066644864,fb639e31-52eb-4998-afb1-984ee12aca0f,MSB
4066644695,fb639e31-52eb-4998-afb1-984ee12aca0f,MSB
4066644638,fb639e31-52eb-4998-afb1-984ee12aca0f,MSB
4066644469,fb639e31-52eb-4998-afb1-984ee12aca0f,MSB
4066644386,fb639e31-52eb-4998-afb1-984ee12aca0f,MSB
4066644327,fb639e31-52eb-4998-afb1-984ee12aca0f,MSB
4026520376,d5fafa95-7de2-48c0-bf10-3480bcca4a2b,NCSM
4026516283,d5fafa95-7de2-48c0-bf10-3480bcca4a2b,NCSM
4026516200,d5fafa95-7de2-48c0-bf10-3480bcca4a2b,NCSM
4026516164,d5fafa95-7de2-48c0-bf10-3480bcca4a2b,NCSM
4026515661,d5fafa95-7de2-48c0-bf10-3480bcca4a2b,NCSM
4026515387,d5fafa95-7de2-48c0-bf10-3480bcca4a2b,NCSM
4026511152,d5fafa95-7de2-48c0-bf10-3480bcca4a2b,NCSM
4026510678,d5fafa95-7de2-48c0-bf10-3480bcca4a2b,NCSM
3991144557,d5fafa95-7de2-48c0-bf10-3480bcca4a2b,NCSM
3991144511,d5fafa95-7de2-48c0-bf10-3480bcca4a2b,NCSM
3991144434,d5fafa95-7de2-48c0-bf10-3480bcca4a2b,NCSM
3991144390,d5fafa95-7de2-48c0-bf10-3480bcca4a2b,NCSM
3991144087,d5fafa95-7de2-48c0-bf10-3480bcca4a2b,NCSM
3991143837,d5fafa95-7de2-48c0-bf10-3480bcca4a2b,NCSM
3991143531,d5fafa95-7de2-48c0-bf10-3480bcca4a2b,NCSM
3991143032,d5fafa95-7de2-48c0-bf10-3480bcca4a2b,NCSM
3991143030,d5fafa95-7de2-48c0-bf10-3480bcca4a2b,NCSM
3991142755,d5fafa95-7de2-48c0-bf10-3480bcca4a2b,NCSM
3991142433,d5fafa95-7de2-48c0-bf10-3480bcca4a2b,NCSM
3916253355,861d3d64-f762-11e1-a439-00145eb45e9a,YPM
3916253352,861d3d64-f762-11e1-a439-00145eb45e9a,YPM
3916253295,861d3d64-f762-11e1-a439-00145eb45e9a,YPM
3916253293,861d3d64-f762-11e1-a439-00145eb45e9a,YPM
3916253270,861d3d64-f762-11e1-a439-00145eb45e9a,YPM
3916253178,861d3d64-f762-11e1-a439-00145eb45e9a,YPM
3916252472,861d3d64-f762-11e1-a439-00145eb45e9a,YPM
3916252397,861d3d64-f762-11e1-a439-00145eb45e9a,YPM
3916251992,861d3d64-f762-11e1-a439-00145eb45e9a,YPM
3916251686,861d3d64-f762-11e1-a439-00145eb45e9a,YPM
3916251352,861d3d64-f762-11e1-a439-00145eb45e9a,YPM
3914992354,d5fafa95-7de2-48c0-bf10-3480bcca4a2b,NCSM
3914990561,d5fafa95-7de2-48c0-bf10-3480bcca4a2b,NCSM
3914990399,d5fafa95-7de2-48c0-bf10-3480bcca4a2b,NCSM
3914990206,d5fafa95-7de2-48c0-bf10-3480bcca4a2b,NCSM
3914988630,d5fafa95-7de2-48c0-bf10-3480bcca4a2b,NCSM
3914988507,d5fafa95-7de2-48c0-bf10-3480bcca4a2b,NCSM
3914987630,d5fafa95-7de2-48c0-bf10-3480bcca4a2b,NCSM
3908285645,861d3d64-f762-11e1-a439-00145eb45e9a,YPM
3908285637,861d3d64-f762-11e1-a439-00145eb45e9a,YPM
3908285607,861d3d64-f762-11e1-a439-00145eb45e9a,YPM
3908285597,861d3d64-f762-11e1-a439-00145eb45e9a,YPM
3908285392,861d3d64-f762-11e1-a439-00145eb45e9a,YPM
3908285375,861d3d64-f762-11e1-a439-00145eb45e9a,YPM
3908285288,861d3d64-f762-11e1-a439-00145eb45e9a,YPM
3908285043,861d3d64-f762-11e1-a439-00145eb45e9a,YPM
3908284199,861d3d64-f762-11e1-a439-00145eb45e9a,YPM
3908283607,861d3d64-f762-11e1-a439-00145eb45e9a,YPM
3758501563,fb639e31-52eb-4998-afb1-984ee12aca0f,MSB
3758499980,fb639e31-52eb-4998-afb1-984ee12aca0f,MSB
3758499695,fb639e31-52eb-4998-afb1-984ee12aca0f,MSB
3758497942,fb639e31-52eb-4998-afb1-984ee12aca0f,MSB
3758497921,fb639e31-52eb-4998-afb1-984ee12aca0f,MSB
3758497760,fb639e31-52eb-4998-afb1-984ee12aca0f,MSB
3758496537,fb639e31-52eb-4998-afb1-984ee12aca0f,MSB
3758496482,fb639e31-52eb-4998-afb1-984ee12aca0f,MSB
3752330816,861d3d64-f762-11e1-a439-00145eb45e9a,YPM
3752330746,861d3d64-f762-11e1-a439-00145eb45e9a,YPM
3752330739,861d3d64-f762-11e1-a439-00145eb45e9a,YPM
3752330706,861d3d64-f762-11e1-a439-00145eb45e9a,YPM
3752330696,861d3d64-f762-11e1-a439-00145eb45e9a,YPM
3748451320,c113d947-5dcf-4a52-aaa2-735dba1089b7,NEON
3748451308,c113d947-5dcf-4a52-aaa2-735dba1089b7,NEON
3712193423,d5fafa95-7de2-48c0-bf10-3480bcca4a2b,NCSM
3712193019,d5fafa95-7de2-48c0-bf10-3480bcca4a2b,NCSM
3712192988,d5fafa95-7de2-48c0-bf10-3480bcca4a2b,NCSM
3712192208,d5fafa95-7de2-48c0-bf10-3480bcca4a2b,NCSM
3416960105,d5fafa95-7de2-48c0-bf10-3480bcca4a2b,NCSM
3416959373,d5fafa95-7de2-48c0-bf10-3480bcca4a2b,NCSM
3416959091,d5fafa95-7de2-48c0-bf10-3480bcca4a2b,NCSM
3416958809,d5fafa95-7de2-48c0-bf10-3480bcca4a2b,NCSM
3416957683,d5fafa95-7de2-48c0-bf10-3480bcca4a2b,NCSM
3416956940,d5fafa95-7de2-48c0-bf10-3480bcca4a2b,NCSM
3416956905,d5fafa95-7de2-48c0-bf10-3480bcca4a2b,NCSM
3416956485,d5fafa95-7de2-48c0-bf10-3480bcca4a2b,NCSM
3416956388,d5fafa95-7de2-48c0-bf10-3480bcca4a2b,NCSM
3416955472,d5fafa95-7de2-48c0-bf10-3480bcca4a2b,NCSM
3416954378,d5fafa95-7de2-48c0-bf10-3480bcca4a2b,NCSM
3416953974,d5fafa95-7de2-48c0-bf10-3480bcca4a2b,NCSM
3416953648,d5fafa95-7de2-48c0-bf10-3480bcca4a2b,NCSM
3416953265,d5fafa95-7de2-48c0-bf10-3480bcca4a2b,NCSM
3416952544,d5fafa95-7de2-48c0-bf10-3480bcca4a2b,NCSM
3413368979,fb639e31-52eb-4998-afb1-984ee12aca0f,MSB
3413368046,fb639e31-52eb-4998-afb1-984ee12aca0f,MSB
3413367728,fb639e31-52eb-4998-afb1-984ee12aca0f,MSB
3413359080,fb639e31-52eb-4998-afb1-984ee12aca0f,MSB
3391495304,832b8188-f762-11e1-a439-00145eb45e9a,UF
3391488305,832b8188-f762-11e1-a439-00145eb45e9a,UF
3391483303,832b8188-f762-11e1-a439-00145eb45e9a,UF
3333611672,861d3d64-f762-11e1-a439-00145eb45e9a,YPM
3333611669,861d3d64-f762-11e1-a439-00145eb45e9a,YPM
3333611652,861d3d64-f762-11e1-a439-00145eb45e9a,YPM
3333611651,861d3d64-f762-11e1-a439-00145eb45e9a,YPM
3333611585,861d3d64-f762-11e1-a439-00145eb45e9a,YPM
3333611536,861d3d64-f762-11e1-a439-00145eb45e9a,YPM
3333611531,861d3d64-f762-11e1-a439-00145eb45e9a,YPM
3333611475,861d3d64-f762-11e1-a439-00145eb45e9a,YPM
3333611450,861d3d64-f762-11e1-a439-00145eb45e9a,YPM
3333611208,861d3d64-f762-11e1-a439-00145eb45e9a,YPM
3333611192,861d3d64-f762-11e1-a439-00145eb45e9a,YPM
3333611157,861d3d64-f762-11e1-a439-00145eb45e9a,YPM
3333611101,861d3d64-f762-11e1-a439-00145eb45e9a,YPM
3333611087,861d3d64-f762-11e1-a439-00145eb45e9a,YPM
3333610985,861d3d64-f762-11e1-a439-00145eb45e9a,YPM
3333610914,861d3d64-f762-11e1-a439-00145eb45e9a,YPM
3333610862,861d3d64-f762-11e1-a439-00145eb45e9a,YPM
3333610802,861d3d64-f762-11e1-a439-00145eb45e9a,YPM
3333610739,861d3d64-f762-11e1-a439-00145eb45e9a,YPM
3333610529,861d3d64-f762-11e1-a439-00145eb45e9a,YPM
3333610392,861d3d64-f762-11e1-a439-00145eb45e9a,YPM
3333610040,861d3d64-f762-11e1-a439-00145eb45e9a,YPM
3333609729,861d3d64-f762-11e1-a439-00145eb45e9a,YPM
3333608681,861d3d64-f762-11e1-a439-00145eb45e9a,YPM
3333608474,861d3d64-f762-11e1-a439-00145eb45e9a,YPM
3328253334,861d3d64-f762-11e1-a439-00145eb45e9a,YPM
3328253304,861d3d64-f762-11e1-a439-00145eb45e9a,YPM
3321344508,861d3d64-f762-11e1-a439-00145eb45e9a,YPM
3321344497,861d3d64-f762-11e1-a439-00145eb45e9a,YPM
3321344280,861d3d64-f762-11e1-a439-00145eb45e9a,YPM
3321344275,861d3d64-f762-11e1-a439-00145eb45e9a,YPM
3321344260,861d3d64-f762-11e1-a439-00145eb45e9a,YPM
3321343730,861d3d64-f762-11e1-a439-00145eb45e9a,YPM
3321343607,861d3d64-f762-11e1-a439-00145eb45e9a,YPM
3321343480,861d3d64-f762-11e1-a439-00145eb45e9a,YPM
3111566676,d5fafa95-7de2-48c0-bf10-3480bcca4a2b,NCSM
3111566286,d5fafa95-7de2-48c0-bf10-3480bcca4a2b,NCSM
3111565453,d5fafa95-7de2-48c0-bf10-3480bcca4a2b,NCSM
3111563303,d5fafa95-7de2-48c0-bf10-3480bcca4a2b,NCSM
3111562492,d5fafa95-7de2-48c0-bf10-3480bcca4a2b,NCSM
3111561524,d5fafa95-7de2-48c0-bf10-3480bcca4a2b,NCSM
3111561050,d5fafa95-7de2-48c0-bf10-3480bcca4a2b,NCSM
3111560072,d5fafa95-7de2-48c0-bf10-3480bcca4a2b,NCSM
3111559875,d5fafa95-7de2-48c0-bf10-3480bcca4a2b,NCSM
3058467301,832b8188-f762-11e1-a439-00145eb45e9a,UF
3053865348,c113d947-5dcf-4a52-aaa2-735dba1089b7,NEON
3053865343,c113d947-5dcf-4a52-aaa2-735dba1089b7,NEON
3051982303,832b8188-f762-11e1-a439-00145eb45e9a,UF
3015243349,c113d947-5dcf-4a52-aaa2-735dba1089b7,NEON
3015243301,c113d947-5dcf-4a52-aaa2-735dba1089b7,NEON
2982341304,861d3d64-f762-11e1-a439-00145eb45e9a,YPM
2884909861,d5fafa95-7de2-48c0-bf10-3480bcca4a2b,NCSM
2884909550,d5fafa95-7de2-48c0-bf10-3480bcca4a2b,NCSM
2884909406,d5fafa95-7de2-48c0-bf10-3480bcca4a2b,NCSM
2867249473,c113d947-5dcf-4a52-aaa2-735dba1089b7,NEON
2819838898,852628c6-f762-11e1-a439-00145eb45e9a,TNHC
2819822725,852628c6-f762-11e1-a439-00145eb45e9a,TNHC
2819812961,852628c6-f762-11e1-a439-00145eb45e9a,TNHC
2804503224,91025c69-111a-45c0-8440-59cb9efbdff7,ASNHC
2632756302,832b8188-f762-11e1-a439-00145eb45e9a,UF
2620870303,92499d06-4394-45ee-badb-5a1e3e4f9e33,NEON
2618831341,c113d947-5dcf-4a52-aaa2-735dba1089b7,NEON
2618831333,c113d947-5dcf-4a52-aaa2-735dba1089b7,NEON
2618831329,c113d947-5dcf-4a52-aaa2-735dba1089b7,NEON
2618831327,c113d947-5dcf-4a52-aaa2-735dba1089b7,NEON
2618831325,c113d947-5dcf-4a52-aaa2-735dba1089b7,NEON
2618831323,c113d947-5dcf-4a52-aaa2-735dba1089b7,NEON
2618831318,c113d947-5dcf-4a52-aaa2-735dba1089b7,NEON
2618826302,c8e9fe8e-391b-44b9-ad94-a5d15f4b5788,NEON
2571523861,c113d947-5dcf-4a52-aaa2-735dba1089b7,NEON
2571523740,c113d947-5dcf-4a52-aaa2-735dba1089b7,NEON
2571523648,c113d947-5dcf-4a52-aaa2-735dba1089b7,NEON
2571523644,c113d947-5dcf-4a52-aaa2-735dba1089b7,NEON
2571523583,c113d947-5dcf-4a52-aaa2-735dba1089b7,NEON
2571523570,c113d947-5dcf-4a52-aaa2-735dba1089b7,NEON
2571523567,c113d947-5dcf-4a52-aaa2-735dba1089b7,NEON
2571523389,c113d947-5dcf-4a52-aaa2-735dba1089b7,NEON
2571523300,c113d947-5dcf-4a52-aaa2-735dba1089b7,NEON
2571523015,c113d947-5dcf-4a52-aaa2-735dba1089b7,NEON
2571523010,c113d947-5dcf-4a52-aaa2-735dba1089b7,NEON
2571523006,c113d947-5dcf-4a52-aaa2-735dba1089b7,NEON
2571522967,c113d947-5dcf-4a52-aaa2-735dba1089b7,NEON
2571522961,c113d947-5dcf-4a52-aaa2-735dba1089b7,NEON
2571522959,c113d947-5dcf-4a52-aaa2-735dba1089b7,NEON
2571522945,c113d947-5dcf-4a52-aaa2-735dba1089b7,NEON
2571522943,c113d947-5dcf-4a52-aaa2-735dba1089b7,NEON
2571522930,c113d947-5dcf-4a52-aaa2-735dba1089b7,NEON
2565854412,861d3d64-f762-11e1-a439-00145eb45e9a,YPM
2565854407,861d3d64-f762-11e1-a439-00145eb45e9a,YPM
2565854406,861d3d64-f762-11e1-a439-00145eb45e9a,YPM
2565854399,861d3d64-f762-11e1-a439-00145eb45e9a,YPM
2565854398,861d3d64-f762-11e1-a439-00145eb45e9a,YPM
2565854385,861d3d64-f762-11e1-a439-00145eb45e9a,YPM
2564235119,861d3d64-f762-11e1-a439-00145eb45e9a,YPM
2564235027,861d3d64-f762-11e1-a439-00145eb45e9a,YPM
2561506271,fb639e31-52eb-4998-afb1-984ee12aca0f,MSB
2542890318,d5fafa95-7de2-48c0-bf10-3480bcca4a2b,NCSM
2542888237,d5fafa95-7de2-48c0-bf10-3480bcca4a2b,NCSM
2458280959,861d3d64-f762-11e1-a439-00145eb45e9a,YPM
2458280890,861d3d64-f762-11e1-a439-00145eb45e9a,YPM
2458280840,861d3d64-f762-11e1-a439-00145eb45e9a,YPM
2458280837,861d3d64-f762-11e1-a439-00145eb45e9a,YPM
2458280653,861d3d64-f762-11e1-a439-00145eb45e9a,YPM
2458280603,861d3d64-f762-11e1-a439-00145eb45e9a,YPM
2458280523,861d3d64-f762-11e1-a439-00145eb45e9a,YPM
2458280480,861d3d64-f762-11e1-a439-00145eb45e9a,YPM
2458280461,861d3d64-f762-11e1-a439-00145eb45e9a,YPM
2458280332,861d3d64-f762-11e1-a439-00145eb45e9a,YPM
2458280301,861d3d64-f762-11e1-a439-00145eb45e9a,YPM
2458280246,861d3d64-f762-11e1-a439-00145eb45e9a,YPM
2458280166,861d3d64-f762-11e1-a439-00145eb45e9a,YPM
2458279994,861d3d64-f762-11e1-a439-00145eb45e9a,YPM
2458279695,861d3d64-f762-11e1-a439-00145eb45e9a,YPM
2458279533,861d3d64-f762-11e1-a439-00145eb45e9a,YPM
2458279523,861d3d64-f762-11e1-a439-00145eb45e9a,YPM
2458279446,861d3d64-f762-11e1-a439-00145eb45e9a,YPM
2458279340,861d3d64-f762-11e1-a439-00145eb45e9a,YPM
2458279078,861d3d64-f762-11e1-a439-00145eb45e9a,YPM
2458278161,861d3d64-f762-11e1-a439-00145eb45e9a,YPM
2446547214,861d3d64-f762-11e1-a439-00145eb45e9a,YPM
2237032084,861d3d64-f762-11e1-a439-00145eb45e9a,YPM
2237032081,861d3d64-f762-11e1-a439-00145eb45e9a,YPM
2237032076,861d3d64-f762-11e1-a439-00145eb45e9a,YPM
2237032074,861d3d64-f762-11e1-a439-00145eb45e9a,YPM
2235629038,861d3d64-f762-11e1-a439-00145eb45e9a,YPM
2235011675,861d3d64-f762-11e1-a439-00145eb45e9a,YPM
2235011656,861d3d64-f762-11e1-a439-00145eb45e9a,YPM
2234845255,395dfaad-8b0d-47e2-a2ea-bf8a3fd5c10c,UTEP
2013094265,861d3d64-f762-11e1-a439-00145eb45e9a,YPM
2013094252,861d3d64-f762-11e1-a439-00145eb45e9a,YPM
2013094251,861d3d64-f762-11e1-a439-00145eb45e9a,YPM
2006616347,861d3d64-f762-11e1-a439-00145eb45e9a,YPM
2006616314,861d3d64-f762-11e1-a439-00145eb45e9a,YPM
2006616247,861d3d64-f762-11e1-a439-00145eb45e9a,YPM
2006616246,861d3d64-f762-11e1-a439-00145eb45e9a,YPM
2006616138,861d3d64-f762-11e1-a439-00145eb45e9a,YPM
2006616124,861d3d64-f762-11e1-a439-00145eb45e9a,YPM
2006615955,861d3d64-f762-11e1-a439-00145eb45e9a,YPM
1999435846,861d3d64-f762-11e1-a439-00145eb45e9a,YPM
1999435831,861d3d64-f762-11e1-a439-00145eb45e9a,YPM
1999435829,861d3d64-f762-11e1-a439-00145eb45e9a,YPM
1999435817,861d3d64-f762-11e1-a439-00145eb45e9a,YPM
1993804863,832b8188-f762-11e1-a439-00145eb45e9a,UF
1989841125,861d3d64-f762-11e1-a439-00145eb45e9a,YPM
1987215875,8e479b8f-ac16-4bed-a11a-bc7e27c31663,UMMZ
1987206091,8e479b8f-ac16-4bed-a11a-bc7e27c31663,UMMZ
1987176106,8e479b8f-ac16-4bed-a11a-bc7e27c31663,UMMZ
1987116730,8e479b8f-ac16-4bed-a11a-bc7e27c31663,UMMZ
1987048726,8e479b8f-ac16-4bed-a11a-bc7e27c31663,UMMZ
1987048532,8e479b8f-ac16-4bed-a11a-bc7e27c31663,UMMZ
1946019422,861d3d64-f762-11e1-a439-00145eb45e9a,YPM
1933399705,861d3d64-f762-11e1-a439-00145eb45e9a,YPM
1933399699,861d3d64-f762-11e1-a439-00145eb45e9a,YPM
1932278227,861d3d64-f762-11e1-a439-00145eb45e9a,YPM
1931543704,d5fafa95-7de2-48c0-bf10-3480bcca4a2b,NCSM
1931543551,d5fafa95-7de2-48c0-bf10-3480bcca4a2b,NCSM
1931543470,d5fafa95-7de2-48c0-bf10-3480bcca4a2b,NCSM
1919926674,861d3d64-f762-11e1-a439-00145eb45e9a,YPM
1852454417,a8ee9bc6-5914-427d-9fba-f8545250ac34,CUMV
1844169328,d5fafa95-7de2-48c0-bf10-3480bcca4a2b,NCSM
1844168723,d5fafa95-7de2-48c0-bf10-3480bcca4a2b,NCSM
1839291370,832b8188-f762-11e1-a439-00145eb45e9a,UF
1837220432,861d3d64-f762-11e1-a439-00145eb45e9a,YPM
1837052512,861d3d64-f762-11e1-a439-00145eb45e9a,YPM
1836936072,861d3d64-f762-11e1-a439-00145eb45e9a,YPM
1836936066,861d3d64-f762-11e1-a439-00145eb45e9a,YPM
1836936065,861d3d64-f762-11e1-a439-00145eb45e9a,YPM
1836160521,861d3d64-f762-11e1-a439-00145eb45e9a,YPM
1836160519,861d3d64-f762-11e1-a439-00145eb45e9a,YPM
1836160516,861d3d64-f762-11e1-a439-00145eb45e9a,YPM
1836160478,861d3d64-f762-11e1-a439-00145eb45e9a,YPM
1835417434,861d3d64-f762-11e1-a439-00145eb45e9a,YPM
1835417227,861d3d64-f762-11e1-a439-00145eb45e9a,YPM
1835417161,861d3d64-f762-11e1-a439-00145eb45e9a,YPM
1699885270,861d3d64-f762-11e1-a439-00145eb45e9a,YPM
1699759001,861d3d64-f762-11e1-a439-00145eb45e9a,YPM
1699758993,861d3d64-f762-11e1-a439-00145eb45e9a,YPM
1699758988,861d3d64-f762-11e1-a439-00145eb45e9a,YPM
1699758983,861d3d64-f762-11e1-a439-00145eb45e9a,YPM
1699758979,861d3d64-f762-11e1-a439-00145eb45e9a,YPM
1699758933,861d3d64-f762-11e1-a439-00145eb45e9a,YPM
1699758895,861d3d64-f762-11e1-a439-00145eb45e9a,YPM
1699758754,861d3d64-f762-11e1-a439-00145eb45e9a,YPM
1699758699,861d3d64-f762-11e1-a439-00145eb45e9a,YPM
1699758694,861d3d64-f762-11e1-a439-00145eb45e9a,YPM
1675533786,861d3d64-f762-11e1-a439-00145eb45e9a,YPM
1586201971,832b8188-f762-11e1-a439-00145eb45e9a,UF
1586201969,832b8188-f762-11e1-a439-00145eb45e9a,UF
1586201946,832b8188-f762-11e1-a439-00145eb45e9a,UF
1585354798,832b8188-f762-11e1-a439-00145eb45e9a,UF
1440785158,861d3d64-f762-11e1-a439-00145eb45e9a,YPM
1439133787,861d3d64-f762-11e1-a439-00145eb45e9a,YPM
1438679596,861d3d64-f762-11e1-a439-00145eb45e9a,YPM
1434747674,861d3d64-f762-11e1-a439-00145eb45e9a,YPM
1337840816,4bfac3ea-8763-4f4b-a71a-76a6f5f243d3,MCZ
1337840810,4bfac3ea-8763-4f4b-a71a-76a6f5f243d3,MCZ
1337840803,4bfac3ea-8763-4f4b-a71a-76a6f5f243d3,MCZ
1337840801,4bfac3ea-8763-4f4b-a71a-76a6f5f243d3,MCZ
1337840797,4bfac3ea-8763-4f4b-a71a-76a6f5f243d3,MCZ
1337840775,4bfac3ea-8763-4f4b-a71a-76a6f5f243d3,MCZ
1337840769,4bfac3ea-8763-4f4b-a71a-76a6f5f243d3,MCZ
1337840764,4bfac3ea-8763-4f4b-a71a-76a6f5f243d3,MCZ
1337840740,4bfac3ea-8763-4f4b-a71a-76a6f5f243d3,MCZ
1337840738,4bfac3ea-8763-4f4b-a71a-76a6f5f243d3,MCZ
1337840734,4bfac3ea-8763-4f4b-a71a-76a6f5f243d3,MCZ
1337840730,4bfac3ea-8763-4f4b-a71a-76a6f5f243d3,MCZ
1324191818,832b8188-f762-11e1-a439-00145eb45e9a,UF
1324189739,832b8188-f762-11e1-a439-00145eb45e9a,UF
1324181029,832b8188-f762-11e1-a439-00145eb45e9a,UF
1324174616,832b8188-f762-11e1-a439-00145eb45e9a,UF
1324174426,832b8188-f762-11e1-a439-00145eb45e9a,UF
1324173679,832b8188-f762-11e1-a439-00145eb45e9a,UF
1324173637,832b8188-f762-11e1-a439-00145eb45e9a,UF
1324173614,832b8188-f762-11e1-a439-00145eb45e9a,UF
1324173593,832b8188-f762-11e1-a439-00145eb45e9a,UF
1324173592,832b8188-f762-11e1-a439-00145eb45e9a,UF
1324158986,832b8188-f762-11e1-a439-00145eb45e9a,UF
1324158982,832b8188-f762-11e1-a439-00145eb45e9a,UF
1324157478,832b8188-f762-11e1-a439-00145eb45e9a,UF
1324157455,832b8188-f762-11e1-a439-00145eb45e9a,UF
1324151262,832b8188-f762-11e1-a439-00145eb45e9a,UF
1324131978,832b8188-f762-11e1-a439-00145eb45e9a,UF
1324127372,832b8188-f762-11e1-a439-00145eb45e9a,UF
1324099852,832b8188-f762-11e1-a439-00145eb45e9a,UF
1324099824,832b8188-f762-11e1-a439-00145eb45e9a,UF
1324090540,832b8188-f762-11e1-a439-00145eb45e9a,UF
1322988420,821cc27a-e3bb-4bc5-ac34-89ada245069d,USNM
1322975621,821cc27a-e3bb-4bc5-ac34-89ada245069d,USNM
1322972312,821cc27a-e3bb-4bc5-ac34-89ada245069d,USNM
1322962857,821cc27a-e3bb-4bc5-ac34-89ada245069d,USNM
1322949979,821cc27a-e3bb-4bc5-ac34-89ada245069d,USNM
1322949643,821cc27a-e3bb-4bc5-ac34-89ada245069d,USNM
1322944747,821cc27a-e3bb-4bc5-ac34-89ada245069d,USNM
1322939694,821cc27a-e3bb-4bc5-ac34-89ada245069d,USNM
1322895026,821cc27a-e3bb-4bc5-ac34-89ada245069d,USNM
1322863865,821cc27a-e3bb-4bc5-ac34-89ada245069d,USNM
1322845950,821cc27a-e3bb-4bc5-ac34-89ada245069d,USNM
1322832941,821cc27a-e3bb-4bc5-ac34-89ada245069d,USNM
1322820078,821cc27a-e3bb-4bc5-ac34-89ada245069d,USNM
1322773718,821cc27a-e3bb-4bc5-ac34-89ada245069d,USNM
1322766331,821cc27a-e3bb-4bc5-ac34-89ada245069d,USNM
1322760953,821cc27a-e3bb-4bc5-ac34-89ada245069d,USNM
1322742336,821cc27a-e3bb-4bc5-ac34-89ada245069d,USNM
1322702309,821cc27a-e3bb-4bc5-ac34-89ada245069d,USNM
1322630585,821cc27a-e3bb-4bc5-ac34-89ada245069d,USNM
1322590012,821cc27a-e3bb-4bc5-ac34-89ada245069d,USNM
1322589065,821cc27a-e3bb-4bc5-ac34-89ada245069d,USNM
1322577571,821cc27a-e3bb-4bc5-ac34-89ada245069d,USNM
1322557998,821cc27a-e3bb-4bc5-ac34-89ada245069d,USNM
1322514934,821cc27a-e3bb-4bc5-ac34-89ada245069d,USNM
1322513737,821cc27a-e3bb-4bc5-ac34-89ada245069d,USNM
1322492944,821cc27a-e3bb-4bc5-ac34-89ada245069d,USNM
1322460585,821cc27a-e3bb-4bc5-ac34-89ada245069d,USNM
1322420289,821cc27a-e3bb-4bc5-ac34-89ada245069d,USNM
1322313298,821cc27a-e3bb-4bc5-ac34-89ada245069d,USNM
1322284886,821cc27a-e3bb-4bc5-ac34-89ada245069d,USNM
1322266313,821cc27a-e3bb-4bc5-ac34-89ada245069d,USNM
1322217315,821cc27a-e3bb-4bc5-ac34-89ada245069d,USNM
1322168289,821cc27a-e3bb-4bc5-ac34-89ada245069d,USNM
1322142577,821cc27a-e3bb-4bc5-ac34-89ada245069d,USNM
1322126317,821cc27a-e3bb-4bc5-ac34-89ada245069d,USNM
1322116907,821cc27a-e3bb-4bc5-ac34-89ada245069d,USNM
1322032194,821cc27a-e3bb-4bc5-ac34-89ada245069d,USNM
1321994007,821cc27a-e3bb-4bc5-ac34-89ada245069d,USNM
1321959979,821cc27a-e3bb-4bc5-ac34-89ada245069d,USNM
1321868640,821cc27a-e3bb-4bc5-ac34-89ada245069d,USNM
1321662823,821cc27a-e3bb-4bc5-ac34-89ada245069d,USNM
1321659151,821cc27a-e3bb-4bc5-ac34-89ada245069d,USNM
1321651104,821cc27a-e3bb-4bc5-ac34-89ada245069d,USNM
1321640044,821cc27a-e3bb-4bc5-ac34-89ada245069d,USNM
1321585842,821cc27a-e3bb-4bc5-ac34-89ada245069d,USNM
1321583286,821cc27a-e3bb-4bc5-ac34-89ada245069d,USNM
1321485230,821cc27a-e3bb-4bc5-ac34-89ada245069d,USNM
1321378325,821cc27a-e3bb-4bc5-ac34-89ada245069d,USNM
1321377271,821cc27a-e3bb-4bc5-ac34-89ada245069d,USNM
1321368732,821cc27a-e3bb-4bc5-ac34-89ada245069d,USNM
1321189590,821cc27a-e3bb-4bc5-ac34-89ada245069d,USNM
1321173906,821cc27a-e3bb-4bc5-ac34-89ada245069d,USNM
1321018309,821cc27a-e3bb-4bc5-ac34-89ada245069d,USNM
1320949753,821cc27a-e3bb-4bc5-ac34-89ada245069d,USNM
1320924279,821cc27a-e3bb-4bc5-ac34-89ada245069d,USNM
1320899651,821cc27a-e3bb-4bc5-ac34-89ada245069d,USNM
1320889245,821cc27a-e3bb-4bc5-ac34-89ada245069d,USNM
1320782728,821cc27a-e3bb-4bc5-ac34-89ada245069d,USNM
1320756043,821cc27a-e3bb-4bc5-ac34-89ada245069d,USNM
1320671187,821cc27a-e3bb-4bc5-ac34-89ada245069d,USNM
1320401051,821cc27a-e3bb-4bc5-ac34-89ada245069d,USNM
1320333282,821cc27a-e3bb-4bc5-ac34-89ada245069d,USNM
1320235614,821cc27a-e3bb-4bc5-ac34-89ada245069d,USNM
1320156078,821cc27a-e3bb-4bc5-ac34-89ada245069d,USNM
1320078320,821cc27a-e3bb-4bc5-ac34-89ada245069d,USNM
1320063504,821cc27a-e3bb-4bc5-ac34-89ada245069d,USNM
1319913036,821cc27a-e3bb-4bc5-ac34-89ada245069d,USNM
1319710536,821cc27a-e3bb-4bc5-ac34-89ada245069d,USNM
1319619145,821cc27a-e3bb-4bc5-ac34-89ada245069d,USNM
1319596380,821cc27a-e3bb-4bc5-ac34-89ada245069d,USNM
1319486080,821cc27a-e3bb-4bc5-ac34-89ada245069d,USNM
1319419943,821cc27a-e3bb-4bc5-ac34-89ada245069d,USNM
1319278313,821cc27a-e3bb-4bc5-ac34-89ada245069d,USNM
1319275304,821cc27a-e3bb-4bc5-ac34-89ada245069d,USNM
1319249565,821cc27a-e3bb-4bc5-ac34-89ada245069d,USNM
1319208932,821cc27a-e3bb-4bc5-ac34-89ada245069d,USNM
1319124335,821cc27a-e3bb-4bc5-ac34-89ada245069d,USNM
1319065399,821cc27a-e3bb-4bc5-ac34-89ada245069d,USNM
1318713697,821cc27a-e3bb-4bc5-ac34-89ada245069d,USNM
1318499508,821cc27a-e3bb-4bc5-ac34-89ada245069d,USNM
1318211734,821cc27a-e3bb-4bc5-ac34-89ada245069d,USNM
1318136405,821cc27a-e3bb-4bc5-ac34-89ada245069d,USNM
1318079207,821cc27a-e3bb-4bc5-ac34-89ada245069d,USNM
1317998319,821cc27a-e3bb-4bc5-ac34-89ada245069d,USNM
1317841036,821cc27a-e3bb-4bc5-ac34-89ada245069d,USNM
1317676212,821cc27a-e3bb-4bc5-ac34-89ada245069d,USNM
1317579163,821cc27a-e3bb-4bc5-ac34-89ada245069d,USNM
1288192744,d5fafa95-7de2-48c0-bf10-3480bcca4a2b,NCSM
1288192724,d5fafa95-7de2-48c0-bf10-3480bcca4a2b,NCSM
1229581698,d5fafa95-7de2-48c0-bf10-3480bcca4a2b,NCSM
1229581660,d5fafa95-7de2-48c0-bf10-3480bcca4a2b,NCSM
1229581309,d5fafa95-7de2-48c0-bf10-3480bcca4a2b,NCSM
1229581305,d5fafa95-7de2-48c0-bf10-3480bcca4a2b,NCSM
1211769441,cd875b5a-b3fe-48f2-94c7-371cab1431f3,ROM
1211769408,cd875b5a-b3fe-48f2-94c7-371cab1431f3,ROM
1211768555,cd875b5a-b3fe-48f2-94c7-371cab1431f3,ROM
1211768514,cd875b5a-b3fe-48f2-94c7-371cab1431f3,ROM
1211768496,cd875b5a-b3fe-48f2-94c7-371cab1431f3,ROM
1211768414,cd875b5a-b3fe-48f2-94c7-371cab1431f3,ROM
1211767876,cd875b5a-b3fe-48f2-94c7-371cab1431f3,ROM
1211766272,cd875b5a-b3fe-48f2-94c7-371cab1431f3,ROM
1211735275,cd875b5a-b3fe-48f2-94c7-371cab1431f3,ROM
1211734934,cd875b5a-b3fe-48f2-94c7-371cab1431f3,ROM
1211733976,cd875b5a-b3fe-48f2-94c7-371cab1431f3,ROM
1211728714,cd875b5a-b3fe-48f2-94c7-371cab1431f3,ROM
1211233912,861d3d64-f762-11e1-a439-00145eb45e9a,YPM
1211003670,861d3d64-f762-11e1-a439-00145eb45e9a,YPM
1209599056,861d3d64-f762-11e1-a439-00145eb45e9a,YPM
1143472958,76dd8f0d-2daa-4a69-9fcd-55e04230334a,CM
1143472954,76dd8f0d-2daa-4a69-9fcd-55e04230334a,CM
1143472850,76dd8f0d-2daa-4a69-9fcd-55e04230334a,CM
1099834750,861d3d64-f762-11e1-a439-00145eb45e9a,YPM
1055063539,861d3d64-f762-11e1-a439-00145eb45e9a,YPM
1051968147,d5fafa95-7de2-48c0-bf10-3480bcca4a2b,NCSM
1039487129,861d3d64-f762-11e1-a439-00145eb45e9a,YPM
1039486666,861d3d64-f762-11e1-a439-00145eb45e9a,YPM
1039486457,861d3d64-f762-11e1-a439-00145eb45e9a,YPM
1039486366,861d3d64-f762-11e1-a439-00145eb45e9a,YPM
1039486007,861d3d64-f762-11e1-a439-00145eb45e9a,YPM
1039485858,861d3d64-f762-11e1-a439-00145eb45e9a,YPM
1039485540,861d3d64-f762-11e1-a439-00145eb45e9a,YPM
1039485508,861d3d64-f762-11e1-a439-00145eb45e9a,YPM
1039485052,861d3d64-f762-11e1-a439-00145eb45e9a,YPM
1039485030,861d3d64-f762-11e1-a439-00145eb45e9a,YPM
1039484935,861d3d64-f762-11e1-a439-00145eb45e9a,YPM
1039484741,861d3d64-f762-11e1-a439-00145eb45e9a,YPM
1039484653,861d3d64-f762-11e1-a439-00145eb45e9a,YPM
1039484570,861d3d64-f762-11e1-a439-00145eb45e9a,YPM
1039483842,861d3d64-f762-11e1-a439-00145eb45e9a,YPM
1039483686,861d3d64-f762-11e1-a439-00145eb45e9a,YPM
1039483412,861d3d64-f762-11e1-a439-00145eb45e9a,YPM
1039483155,861d3d64-f762-11e1-a439-00145eb45e9a,YPM
1039478498,861d3d64-f762-11e1-a439-00145eb45e9a,YPM
1039477848,861d3d64-f762-11e1-a439-00145eb45e9a,YPM
1039477412,861d3d64-f762-11e1-a439-00145eb45e9a,YPM
1039475862,861d3d64-f762-11e1-a439-00145eb45e9a,YPM
1039474930,861d3d64-f762-11e1-a439-00145eb45e9a,YPM
1039474440,861d3d64-f762-11e1-a439-00145eb45e9a,YPM
1039474343,861d3d64-f762-11e1-a439-00145eb45e9a,YPM
1039474059,861d3d64-f762-11e1-a439-00145eb45e9a,YPM
1039473104,861d3d64-f762-11e1-a439-00145eb45e9a,YPM
1039472590,861d3d64-f762-11e1-a439-00145eb45e9a,YPM
1039472503,861d3d64-f762-11e1-a439-00145eb45e9a,YPM
1039472079,861d3d64-f762-11e1-a439-00145eb45e9a,YPM
1039470749,861d3d64-f762-11e1-a439-00145eb45e9a,YPM
1039469363,861d3d64-f762-11e1-a439-00145eb45e9a,YPM
1039468831,861d3d64-f762-11e1-a439-00145eb45e9a,YPM
1039468130,861d3d64-f762-11e1-a439-00145eb45e9a,YPM
1039465830,861d3d64-f762-11e1-a439-00145eb45e9a,YPM
1039464417,861d3d64-f762-11e1-a439-00145eb45e9a,YPM
1039463916,861d3d64-f762-11e1-a439-00145eb45e9a,YPM
1039463840,861d3d64-f762-11e1-a439-00145eb45e9a,YPM
1039463739,861d3d64-f762-11e1-a439-00145eb45e9a,YPM
1039463665,861d3d64-f762-11e1-a439-00145eb45e9a,YPM
1039462548,861d3d64-f762-11e1-a439-00145eb45e9a,YPM
1039462064,861d3d64-f762-11e1-a439-00145eb45e9a,YPM
1039462015,861d3d64-f762-11e1-a439-00145eb45e9a,YPM
1039460555,861d3d64-f762-11e1-a439-00145eb45e9a,YPM
1039459810,861d3d64-f762-11e1-a439-00145eb45e9a,YPM
1039458319,861d3d64-f762-11e1-a439-00145eb45e9a,YPM
1039457666,861d3d64-f762-11e1-a439-00145eb45e9a,YPM
1039457636,861d3d64-f762-11e1-a439-00145eb45e9a,YPM
1039457405,861d3d64-f762-11e1-a439-00145eb45e9a,YPM
1039456540,861d3d64-f762-11e1-a439-00145eb45e9a,YPM
1039456273,861d3d64-f762-11e1-a439-00145eb45e9a,YPM
1039454258,861d3d64-f762-11e1-a439-00145eb45e9a,YPM
